type,title,link
VIDEO,"The World's Fastest 16 Year Old Is Breaking World Records Like Crazy 8 minutes, 14 seconds",https://www.youtube.com/watch?v=t7DZIegFvEM
VIDEO,"No tent, No sleeping bag - Extreme Winter Survival Camping (0F/-18C) 23 minutes",https://www.youtube.com/watch?v=p9yaDeStS7A&pp=ugUHEgVlbi1VU9IHCQlNCgGHKiGM7w%3D%3D
VIDEO,"Honourable moments of sportsmanship at an Olympic Winter Games | #milanocortina2026 8 minutes, 7 seconds",https://www.youtube.com/watch?v=hTbct1SqLJk
VIDEO,"Winnipeg Jets vs Minnesota Wild post-game media: Coach Scott Arniel 3 minutes, 30 seconds",https://www.youtube.com/watch?v=jsP9U6kavP0
VIDEO,"New Barista Training - SNL 5 minutes, 25 seconds",https://www.youtube.com/watch?v=Tn7g2cn7iBo
VIDEO,The Dramatic Federer vs Monfils Match You’ve Never Seen ● When Talent Meets Entertainment Part 2  19 minutes,https://www.youtube.com/watch?v=iXxP_46tBQ0
VIDEO,"I Skied Down Mount Everest (world first, no oxygen) 31 minutes",https://www.youtube.com/watch?v=cjZvFY6__qw&pp=0gcJCU0KAYcqIYzv
VIDEO,This Is The World's Fastest White Man... But Why Are They So Slow? 15 minutes,https://www.youtube.com/watch?v=I_kRcwBWXYs
VIDEO,"NFL ""1 in a Million"" Plays! 28 minutes",https://www.youtube.com/watch?v=Ukgw-w_VV3o
VIDEO,"£70 Helicopter Ride in Shenzhen, China 🇨🇳 #shorts 3 minutes, 28 seconds",https://www.youtube.com/watch?v=BSHOqjAj7As&pp=ugUHEgVlbi1HQg%3D%3D
VIDEO,"200 Employees, 3 Michelin Stars: A Day at Eleven Madison Park | On The Line | Bon Appétit 20 minutes",https://www.youtube.com/watch?v=NK88iwkvjfM
VIDEO,"when you hire a real criminal to act 7 minutes, 49 seconds",https://www.youtube.com/watch?v=sWABpYa4Y6E
VIDEO,"Survive 30 Days Trapped In The Sky, Win $250,000 37 minutes",https://www.youtube.com/watch?v=ZFoNBxpXen4&pp=ugUEEgJlbg%3D%3D
VIDEO,"Trump’s Insane End-Of-Year Message, the Epstein File Deadline Looms & The Chanucorn Returns! 16 minutes",https://www.youtube.com/watch?v=Xs7ux_x4yJk&pp=ugUHEgVlbi1VUw%3D%3D
VIDEO,"THIS is how to do it when things look hopeless! 💪🏻 3 minutes, 11 seconds",https://www.youtube.com/watch?v=gNBLjkuOdeI
VIDEO,"Ethan Hawke Explains What Sets The Great Actors Apart From The Rest | Joe Rogan & Ethan Hawke 6 minutes, 52 seconds",https://www.youtube.com/watch?v=ZbtDAHb_yAA
VIDEO,"HOW MANY BEER LEAGUERS DOES IT TAKE TO STOP GAVIN MCKENNA? 7 minutes, 31 seconds",https://www.youtube.com/watch?v=MzR4zzXECDs
VIDEO,"Femke Bol Just Rewrote History in 49 Seconds 3 minutes, 51 seconds",https://www.youtube.com/watch?v=WBg4HJTzeSo
VIDEO,When A Gang Leader Confronted Muhammad Ali 9 minutes,https://www.youtube.com/watch?v=1YpbDWpH7Pw&pp=ugUHEgVlbi1VUw%3D%3D
VIDEO,The Future of Veritasium 17 minutes,https://www.youtube.com/watch?v=piHGnG4LsmQ
VIDEO,Top 100 Most Viewed NCS Songs in 2025 16 minutes,https://www.youtube.com/watch?v=3r6cBt6LI7k
SHORT,The Fastest Race in History! #olympicathlete #teamjamaica #sprinter #4x1 #4x4 #usainbolt #yohanblake,https://www.youtube.com/shorts/X9sJZXFUni4
SHORT,28 Olympic medals. 🥇😱Michael Phelps didn’t just swim... he redefined greatness. 🏊‍♂️ #MoreThanSport,https://www.youtube.com/shorts/rp-KQ-vvCKw
SHORT,What Is The Fastest Brass Instrument?,https://www.youtube.com/shorts/lwAyGzFvvr0
SHORT,Final 100m from Copenhagen Half Marathon 2025,https://www.youtube.com/shorts/cm1N4syKM7A
SHORT,Japan’s 10 km Tall Mega Tower of Babel😱,https://www.youtube.com/shorts/g2ocKTaSdN4
SHORT,I tuned my guitar to GGGGGG (stream now on Spotify!),https://www.youtube.com/shorts/gFs4YKBy-Vo
SHORT,The Most Insane Track & Field Strategies,https://www.youtube.com/shorts/v8mR4R1b6N0
SHORT,"The moment Usain Bolt clinched the ""triple double"". 🥇🥇 x 🥇🥇 x 🥇🥇",https://www.youtube.com/shorts/BAGyWpnL8nc
SHORT,Derek Redmond's emotional and inspirational Olympic story by - T.d.jakes #shorts #motivation |twl|,https://www.youtube.com/shorts/2zqKcLHQPk0
SHORT,This Olympian Got Injured… Then He Shocked The World😳,https://www.youtube.com/shorts/bv6gHRjDySw
SHORT,The LONGEST Rally In Volleyball History,https://www.youtube.com/shorts/UB3p5m2rMEA
SHORT,This ferocious storm is rattling & shaking our buildings in Antarctica. The biggest blizzard so far!,https://www.youtube.com/shorts/QK5M_UfofRU
SHORT,Could you match a 80 year old legend? 🤔 #adrenaline #cliffjumping #cliffdiving #challenge #backflip,https://www.youtube.com/shorts/qKApZVS5f7g
SHORT,Alcaraz Airlines 🛩🔥,https://www.youtube.com/shorts/IOSlrrwOWiU
SHORT,The giant who will leave you speechless🤯 | #nba,https://www.youtube.com/shorts/SSRAZcqNkgo
SHORT,Clothing Hacks You Need to Know,https://www.youtube.com/shorts/-XACGb4cYj0
SHORT,"And she won the gold with this ""technique""😳🥇 #gymnastics #vault #sports #leotard",https://www.youtube.com/shorts/h9CossVM5DM
SHORT,McDonalds Worker Plays NBA Players👷🏀,https://www.youtube.com/shorts/Tj-DCYgiork