PROLIFIC_PID,GROUP,propensity_score,stabilized_weight
c8ad8a2fad68902c8b205bb5079216a489da0164758a6b29919181e9516f2b25,1,0.4009012191705961,1.3756381628179013
e493ee367fde2db65ccd50297141fdcc1815bf2b4f170714d95dc280198928a4,1,0.5595276192164498,0.9856439569213709
24e97a36f51885a54c77be79cc5614c918133f7eba983eca8db8183c42569091,0,0.432914148836318,0.7908943283778899
4c702f1bd58b7e542476873c4b41f6170fdb954822b14b84236e7194735b41ee,0,0.7104605220031596,1.54902877663404
3a8ebbb6cc59503cf21552096af6abfd4b6321cbaad371d5a55f5215434adea3,0,0.613994207401948,1.1619125722699524
41ca0c776def4fcb254178ce9770bcc341c18b863dfcaab4817dcc88edc2d101,1,0.6551718214962311,0.8417563126445726
f20fd5f0f1d1f19b662f7a5198841f6ebc6fb48f4f8569d9a9776bc61140c017,1,0.5267179528975696,1.0470404769334765
073b19d8400e1f554df7c1fea9fdc0049634fcbf0d590456edd1d7735ad23fed,1,0.6931818483635622,0.795599333585039
aa06182fbb00020ea8ce76a3f59757e4f0baf00eca9617efdc8fcf52d604b88d,1,0.6461198270188482,0.8535491305937092
409d193a6660f2e78a1e446bdefc27743e2662d8f4596d042e351aad415d017c,1,0.6119156390583389,0.9012598819340146
e4a86d4ee2735ffaa7d114f5ab6320a289e36afb878d374478992a934bff16a5,0,0.3284003423411275,0.6678159797641152
f5c7586d7dcaa45e87b39ed04c93774f0570dcb138484208d7fc4efcaf364712,1,0.6189916484688146,0.8909571203028606
a24f389cd821c7e68f8912ba13ea34e1d268939dd5e22571def73bed45cb0832,1,0.7622866316888923,0.7234746008721482
0a93c28ce848bce30eb5bad58ed9da9974e7e3d5d19704b9ce2ad881b518d71e,0,0.41626359050659767,0.7683347759272733
321dbebccf11f3f6bcd869e9254b24355ad2ffad91b1e526514ec01f22262125,1,0.6352883610898167,0.8681018737148336
cf06f0faebbc6a7b7e988aea14b2a1b76554991e1e42fa00c709af225539a5db,0,0.4573171856136938,0.8264587923166443
b7414351e89f1928503e8f73647f907bce6ce9dbf5dd1a6e1cf45bdf0ec9b740,0,0.46188056600282046,0.8334673588299639
089f297c95a73c13f43af5e2e070f40dacaa13816b879874ddc0bb9acfad0e62,0,0.3831519725142994,0.7270915418451285
f07c7afb6e949632d754bec8bb501ff855220c82d2155f1369084e29c10f744e,1,0.5244148839904733,1.0516387567316152
1a0462ae4af0e88836c644c620df67e6910f424da08307eb46a7bf7a7a1fba0c,0,0.5211674631650614,0.9366635491257589
54dd68afbbb3d5f5dae816555a692233ebac1614dc71e93086f5d9624fb6cdcc,0,0.5164736981790794,0.9275710167154737
ea10fbfa0e9a95dec88639355c503216899c7852747fc0520eebfc5ec7d44833,1,0.5403532177962671,1.0206194734260459
98543d4f0b788caddfc9cb4a17b6147545576f66a6f93edeeeb1d3fe5cc77aa3,0,0.5038544437458413,0.9039786363801479
56b760696d7447006998fd2dae738fab7b9d2f3e33d0c549f996ed472cf4eaf9,0,0.5059961801874887,0.9078978044318056
79be1f048b50589b229d1fb83ffbb04dacd18b04b4bc1ce56be452a63e2b575b,1,0.8047531982850601,0.6852970796345251
72151a642e782823ed58360bb68e3ab0f200483f803b4f4ebfe0746a9c75267c,1,0.6251283890222166,0.8822108006867305
bce97f1afb4585ddd5c87e5fc6ec6b0f1045446418d2c3a85d6dc29e335fa698,0,0.5775469372201069,1.0616682015213244
3badd1f58fd86e36a7607b5953cdac06981ef38491dd0bafde0e4e4684d88bc2,1,0.29862155835126664,1.846802419946438
0d0fd47f86d28891866e056640159b63eec69545f0d1d1f081dc1b2af5a134dc,1,0.7312437060017949,0.7541877107246403
cf9cc22e39716d1ca3ce96f4855488de418f37f2d0422a8eb17c7d6c66ccde23,1,0.6774454566662338,0.8140803236400006
3138ad360d0c1a462b84a55ec3a5f46cbd1f99b5eec2d6909ac6769589a0155f,0,0.3489002760035761,0.6888422262503795
e43d44eec7fbb9047fa99085f6d8a48c18836a41b1360f620bb78f9b4d11b7df,0,0.6787592977701635,1.3961648703775236
35850b1d37c2e88a3de3c67e3421f322afdff145966ecc64fe24118b531c27de,0,0.5193210678341023,0.9330656148539309
f215bb37a8c4fb7591e18ad55aaad141216a02741c1dd7b01ab7e5e563e1ab0a,0,0.6171454715976471,1.171476239971119
31c82aefc72e441b424f82414551cb6b4debe55f4f190863cca0e064cc80e9e8,0,0.5164965232877115,0.9276148052511104
28504f150e535c2506445aac6308b84f75ca3e4b08515be4eb76a289f2d40797,0,0.6040107601110756,1.1326191174146818
f34f3ac005025ab4fd0960b5d0a1403346182859779c792f6c78c592454c05ec,0,0.5615298559736402,1.0228860265608901
f38aa54ca8d24c4b8a7efe3d560af793a1f89fccc7d453c69e22a5f31a306c7a,0,0.6152090508995581,1.1655809068202152
ddfc74ccaccd8331aa629a35fa3b5f52eebf6d67faa625e2d5c3348425341c0b,1,0.5518402407177878,0.999374412953207
db98689fe8a7677b9a92cf683b8f00b723c5bcb5bb9cf7ab5587fd8fcd0ea0a5,1,0.475720125446603,1.1592846026716983
c43a9511960d294135191f28ef364e7771a544f3745545b1a1caf87fb39548b8,0,0.47403681902860356,0.8527307606596428
0ec80ff80b476591a4641f77e1f6b74030de6dd034e10796d6ac3db251c2ec5a,1,0.6155593079858249,0.8959250708365464
4a4c96f16ac10c3d8ae83712e5812da3bdd13079bc365f40e20a6590c3335b0b,1,0.6872668417238128,0.8024467108409126
4e4daff5c788b0cdcbcb8a163eff4849344a9eeebd9b457c7c7342fc891a5d8f,0,0.5328405255406979,0.9600682591481448
351c41ecabbb919830af453ee68c603a097e01bb3513b31804c464f169e96c00,0,0.40069374735404234,0.7483736093333575
365043817bf7b73e6f1a44dfe30fe41a85c15e54ead9d819cb109ea8dcf3bbd7,1,0.6990163414973111,0.7889586893347572
a19df68a39faf415b5141858c1738a4630420122f2618188d77e70f0097ef790,1,0.45684458541536493,1.2071829988088272
f2805f6ed2de4e8c82d2f514c32b91d37035a81ee7f7416b71189ac831d1a29e,0,0.43157590143742647,0.7890323167558876
4a90006f365445ceb96dd62208381fbeb0000153188b606248a408d110ee729a,0,0.630469211102382,1.2137147887641015
6e30613be2a9ed6cf3db91228ef4c81fd6cc3572b0ca0da0a4803e8c899ef81d,1,0.6345173631118187,0.8691566987334083
12144f96ec917dff33b1e29737a89dce0325c1154eefa84f7ffb1b3ab86384ea,0,0.656611160342558,1.3061140363097532
af4ccc51de5c135cdf5ef6248ed83b0aef1e42debbfc854f40aae17a9d151ee8,1,0.5920641400457413,0.9314784992191701
55ff32479634375c78d2fec46927f8c7e57ac07268cf90b63b94721b8979d223,0,0.6914853572052184,1.4537559038552403
74313ee3b37a031b824893c9786bd9fb311c35ffad07a0b4a0c885af597b7a40,1,0.4474166914812678,1.2326205685028302
6397d1dd1b9ebdba9d1b7fb2269d1abce49d09cdf8f9394d310fa7cf34f56d09,1,0.5863059446567382,0.9406266841353226
80ddc35e374a2577999befb84829f6cd9f1456453af02b78bc14011787cd8801,1,0.383369349823261,1.4385474917740375
c31093ced71123260f0ae17798ae78a86e354436c8f29da69d0ebe3f82240e29,1,0.618731393286512,0.8913318809991565
cbd3057d45a1fe99dd694b9b717df76ac286bada5db797efbf73416c653ad063,1,0.5934184985932695,0.9293525866123896
05a0f1cd480433c2c5e8883b48f8607184ca585db22571f4839c11c4160acd9c,0,0.4269592015609544,0.7826754824620256
229cb06a3a21b6c41ce93fa8d1c5c4938f69db0756b592fb2b9f30cf42f14337,1,0.30099012467292474,1.8322694713342693
a65427abc7123da6d4d59bee521bad0a13f0438b313cb9009d0cda00afaa74e9,1,0.39115980381023613,1.4098969557691137
2eca06a35991db891d92a1ba49a143a1aaad1bf4169cc4be79bf8e6ff9bd6caa,0,0.5386732077228086,0.9722066675876414
bfd1d7740f2d068003cf9c77f63f09b78134af3e56c147c8f4a1000015dcf4ee,0,0.38470116730020937,0.7289222074756212
6c1eb8623b18c19cc79ab4827e6bd999162d79dd131aef22370114c675f49b82,0,0.5807000636803299,1.0696519234545472
65e33d06b7f4072112ee6eff93649c4da107dae93844fb5ffc6aa7ab4ac4b940,1,0.2789422383275539,1.9770939672595973
7a3c5ff81317ccf530f3fea23d3a4efdb00528fa6ba762f2edab5b4f8bca26a4,0,0.3558992593434012,0.6963273834020072
bd40840d9e19a7fabda003803e6405ad1de6d47cc6d5758734f632868db558cd,0,0.643246878048521,1.2571858682983137
6c67dbcaf4ea9792b869a251b1798b5c76443a23d93f1b1a94f218b509fe98c2,1,0.2963587028537363,1.8609037335525063
fc42d41518ff96b8e44cceb7572f18af071ab4fbfa34c5deb8461db4fc179652,0,0.5332720913785765,0.960955998353421
e3e37c441700aa177ae83cd437ac79727c3f2ca978da7035843794c57e0583f6,1,0.5719732094951909,0.96419728661423
2568d0442ab97d9c45fcda34cc45994511cde3521e7f9812aa95a63f013016a2,0,0.3310593002043659,0.6704704670021209
7b15e1526b60322d025a4d271957dab769d1d3de391079506c814ca8f3762844,0,0.6131166168681195,1.1592769370397547
47fe147153cb7590170d4296e92af071ea1c2d6f5883c16e065bf871b438d5f3,1,0.7941299345636624,0.6944644605473996
5e05dc3bea56c8cf88f6f89abf7c36e3e55d06a0a4429ca7a0761776e480aedf,1,0.5409181489802218,1.0195535454874534
1628b368dbe581988a18d567ac3c1fc0f4f5f6fb5e8394c29c15425ae94b8445,1,0.6510708349080708,0.8470583952499807
05976321398cd4e96fa847e15fe1645759166d286a9f23f31e8e25b19468a5da,1,0.7347566977579812,0.7505818161224173
ae0687b1abff9817e795922516db517d45900e3ffb4bd54526247bf97961b024,0,0.446556702387033,0.8103901254620522
6f8c7c630aacfeaa49a8fc80d4a250759b2ef57d1bb150dd2dbbc2b29ea0e76a,1,0.5199703041414291,1.0606279093609392
f818c2a643508bf571f28399356cf86bd236f7279b3c13682c9b36f9e2558c09,1,0.5955376003737594,0.9260456707774243
51082bbf39ff4e7f06ad6e068576e206155d45974cc48bf78608ada9bf416e8e,0,0.3775281657785289,0.720522534083252
a155d37a45ba76adb6582c15757bb42369bfdbcc45e96f92b8a01544b6651fcc,1,0.6027882299573175,0.9149067437005963
9e05ab6a23383ed68859e280ff196a5d0e9d10fdabecea5bbfb54c275943741c,0,0.7154985464150951,1.576459373888068
382afa077459411a4ae58c839879b2756806093ca163e7a32a5586596935c405,0,0.41984919099483325,0.7730834404209371
00d75f00f03923c234134194b5313f73ed48246757d1056cee1d3acbbf5c401d,0,0.4554809664840885,0.8236718200514443
8f38d665c4078774b51dc800919d9950fb7b6dbf25ddab0f3a93998288df5ea1,0,0.36050152199797775,0.7013386252145013
450300f421ef2f85e04c69e3ec778232d57a3fa83b498a0a421ddc1c95c0f867,0,0.5768829816522154,1.0600022309196078
597bed2e77bf66a7f7483394b869d328ad0bfa0bdb2a293a8d3f4531d5b44b65,0,0.4445500411114826,0.8074624477174952
3987c615857edd5c0dd091db195e5d66cf1abd409d0527c44157961dc2ea0c70,1,0.5793879279644493,0.951857969407217
aa26aa258e16a1041cb11a1079198b13e21b700f26963f8990930a15161bd2c3,1,0.4920503535594098,1.1208101216102644
8ab749f88c3b032403991c951f86db32f60ec897d3b27ac2f22dc792e8cfb2c0,1,0.6620644428626754,0.8329929549255163
d97fb9f6d5e290c30e5e39a64a08ca7415fe35362f7239d3fe06eb833d253031,1,0.5523403009473687,0.9984696312497507
7ef485050cf420f59a1ca2569e54267cbd0e0d8f33fb52eb5568f148731fbc96,0,0.674234038850891,1.3767705557899443
d4da8307b7ee3d0b88336da2fbcb8ea619a65597612a4c67311b4233bd55e491,0,0.5151789166386939,0.925093810440711
79a75fa21aa35d74c1863543f3a543620406ba451b6dd749c957162ec5fd1de6,0,0.5860568927887456,1.0834942666645526
b8efdd4eb5ebfa5cea04ddb20c261b1afc7c0e3df38201e2c3d35ab7ddc4d32b,1,0.644143403067938,0.8561680737311366
19f3498f536c020e35ab1b6e0774827d6388361b7d01d72647f88c296970eb57,0,0.2622168372426349,0.6079089440215434
e6449baf09f32f929ceec574a19d2d13325d3e413f6c76314d5cd94c5542ed6b,0,0.5722105564740384,1.0484246167740825
82d11abaa0a046679ac552cda39d0cc4eb1e3985630fae52e690734cbd42c510,1,0.6841093985349229,0.8061503288689909
1ebd73cfa06073fe480b00c8d52d11560140a890cee30da2394235c9474dbc7b,0,0.6023344203252953,1.1278446169658105
788aa07483bfcc47c4f10f5c6b955652a071756c8332481b1d868141fc45c856,1,0.8758617670526712,0.629659881680999
bb71d37ea11c0424eebfb0d942d059f6c80afeefca4c7f137f9842fda308cf72,1,0.5491699915577418,1.0042337073935137
6bce5aeab6613dc7a3d35e93e34cf9da8f57921cfa7d869d3f7d34fb84eb5ca4,0,0.5663978882778662,1.0343699240932682
2089f1d7beae3ae368e3b4b96f8f3ee16e919f38c026ff2c8b539fe506890362,1,0.5285952861266652,1.0433218590586202
5e3946ee00c5676f5ce562c85c8da9a812f0878bd5d545c641a16d59fe582f77,0,0.5049589881003903,0.9059956096721488
9ce8f3a6d0041dca04b9fb76b68949e37742393c5920b97e5033c7f0e92d06b9,1,0.9999999993706612,0.5514950169583729
c0b29e7e6f55e58afd6b1375cbf8f9d610e870437d847cd52051adc222813a35,0,0.5755550400270408,1.0566858501919258
fadca33dd8395f767e3c1dad2153b9aa48d477826ea00286e5a2f82a615eb9b3,1,0.49725747334304704,1.1090733597297417
635dd29d1ed23b9fdc41bcbc4d3eb8024d14eaab486b063149e23c3cf4ec16cd,0,0.5323091248515551,0.9589774084139423
98e2f3534475085ca83e72327a119d196cf8b462a00d40b89ab34b2e98b249ad,1,0.5935056160697975,0.9292161719771135
0ce1ffc577ccc7365e30ff47c25dc98aea57ae10712ec3d6408ec524e81bcda5,1,0.4911073486732253,1.1229622568288045
d54ce184f0ef86a1ef1843473152a0d69a9b8d769f248475e163761b91417323,1,0.5351434961681164,1.030555394133095
6f080444b2d7be4d91585dcef68f15f95e7bcbf67ae1138809348992280df2bc,0,0.4900734233288572,0.8795481622405222
58cbc27c20cbc9940257811f73c122a526fe0f77737fbf805b21dae06fd310d5,1,0.3576015696109953,1.5422052459423505
cc85784763688bafafe563e5ef8bb0c987470664c21a2dc37459b40565f661be,1,0.9999999998443423,0.5514950166971401
3170e762d7439aa598f47d2401e3ff98955a39c4490f67a6db938e3055941bf3,0,0.3795735796239321,0.7228979435093135
1363e9b1df671fb84885328e24299f0a1834a06804215a9be37486057123121f,1,0.5634220283612681,0.9788311227648259
9b5ad57cc48c6eb312fcdffacb865da868045e61b7a89e28aef99553da577537,0,0.5710331553047719,1.0455469669395026
1197062557b7a845a69971916f1794ffdb7a31c30fcd3263b565c80e77aa4ba2,1,0.5917185852112092,0.9320224687795532
d95358351041d336fbb5f01e892385ff3b04cff76be0a56381c17d83d7e29893,0,0.604110388787831,1.1329041497589012
773885a8e592a195d6877406f66dd23d1ce75dc750aa729874430928240f711c,1,0.6425046726603415,0.8583517600390155
5654d1599d5987d3835113d77ff1393225855d502a452ff05faeb279e3b70b4a,1,0.632774532512863,0.8715505891509389
0dd9798f94be3fb35948dfa2ee79a0470eba6f06390af5dfbac7ae535da9328b,0,0.5739537511921391,1.052714311283543
294766bf2571205363d99b607ff891c63f7518104193c21d173e432e556995be,0,0.3003043342410413,0.6410000880914586
cad0ba79d4a3f582c520b0ac896f1f7d04a138ef2d8182cb99ab898f0b20639c,1,0.5645204636554081,0.9769265281195132
f8635c78a622f61291620c1d57095b79682c9099e71e65cb05c93e43fa44af97,0,0.6032560378584466,1.1304645468774221
f51c05240aa1a76c8a3700191f4df67c9275bfacf1fa5a26372bce99f717d23e,1,0.6335181598370091,0.8705275579680047
6988b490b261da424dff791037b21f583e9222d238167fedb832c11141343eb1,1,0.7351942844416034,0.7501350707999158
725e04cef8e3ae6b5ba1526ee2adf68b099ba296d58104db782b52c899d686d6,1,0.647600139976305,0.8515980503516789
098297b5c45405d6af7ee508e85205edf543b4259782953a85dfc10677b79494,0,0.5628623428638985,1.0260039968349457
7803ca353435c24f02399a43386739685ddf0732a0525dd3ddff7bc5ada28464,1,0.6639135115696493,0.8306729822494957
a9f3edfc7dedc7e2498b81a81badd76a357a4079342b7a1312fdfcc74905067a,1,0.4184740362637975,1.317871525639035
84acd100a81889e1ab25b1cbe2e3184c98aefeb12fc3df8e54e8d6a557b143a9,1,0.31176999143268097,1.768916290105417
318a7e2722b8c61951bbc06e08941fb5f2a92a4d8dacc56789916f7202f64530,1,0.4505214187131233,1.2241260763730057
3c00ab7ddcc5fb914b179df0d8fd89933ce901c0ddfe3daf52c037f74e5964d4,1,0.5588902068751156,0.9867680804336004
f9ff5449d9755b645ac5af1727153b5c5942a665c5ecbd0fef69b62a294af7a5,1,0.6425516481628082,0.8582890078768566
30182bb8f5d21d15a630e374ecd155d5800969fadbd9535bf0204877a7b2bc51,1,0.6770473443326995,0.8145590130847514
4bbdf665bffcb7089b73062535187f4ed863017a2c96338f2c3135637685c1b2,0,0.4497281393234152,0.8150607280503979
d46eb7c64f71b21a9d48f9c86a7777648cbc69428f06284a8c22e5d30ec61499,1,0.473589465340599,1.1645001778379256
4c2591b5edaa4bb08d042093b77c55795cb18fac63e9b4822b77671ae070a6cb,1,0.4514403948872495,1.2216341799652986
343f0f9dbf9c2464e00b43dc94ce3c70bf92751f06761c103e986a890943027f,1,0.6048387211313323,0.9118050768636986
9e3fac510b0bd1455e4e1b322b5098b3f518755b59df530bda32964063bb6b17,1,0.47188147410043996,1.168715126319856
51143658a3dc1cc103e904ee76c8c7da1be077be2faf034221777e4f0d346877,1,0.5736259989121681,0.9614191435833767
3d3f24e231c26f38cb1465ba72f324391348f69774f157a2c3390fb7b119ef99,0,0.6326429788785343,1.220896723355145
84cc3cf539b1f4981ada4ac8f551e565fc79a4af860de2f56b5bbc7dcda3f6fd,1,0.6639459146988522,0.8306324421943898
8b96ead6978592882b51e8bdc662cb01a6b23a9f671efc1155ae43d4ca5e9fce,0,0.33529277880928376,0.6747406513581719
ed05c5cab229f91c57366f7cea46fad9bb48ddf9c8dc6ced69416282ef088c98,1,0.5427041596214921,1.016198248776893
1ebfde1ab32ef88a10aeaf7220be8a09286ec4c44bd80b8820e0b440c1ba6495,1,0.3937953344068021,1.4004610223278704
fc2a6f2f15d6650208443b0c2c6b31a47a0e241a47e584eccd3113cc8b817a25,1,0.790684016000881,0.6974910399740282
655e731106d2d7282fd1f34904c1b5ebf5d10d12bd7e348f4c85a627601db6b2,1,0.7383742079848831,0.7469044972689329
bbb57d2b17138e7b3c71993c8723c1e9cb4faef00b087754fb49d53efc68e3f2,0,0.4473284903812678,0.8115218092173982
0c9ef9e93c24a14a6d0cb6ba8206bca27cd7e1bb3363b897cc1c86b456fb5f2f,0,0.7238106112707073,1.6239037475415357
4045862e371a609bee12cf93413dc2666f6dfa1c0dafb772ea69c6d1c09fa70b,0,0.5103280328289492,0.9159294659643726
492f0f9ca1ae7fd2d613ef9fd185601a969cdac3b12f345ef8ff24be661f4245,0,0.48271312416193296,0.8670333703364737
c31991295ee335c2cdbc6638c2eb7cdccd02f075c054535b46b8048d24a9918c,1,0.5144971527607062,1.0719107261372878
53b2d7f2a05cd6a44b909c30788d8cade67c41a924892bfec5409809f7608beb,0,0.4041137186168549,0.7526687514061479
34f4c330e2dfbbb1ba439434390276676a05d3c6cb222b9244b1a66ecdc401f0,1,0.5820915521479345,0.9474369015943681
477ed1694e2d5ebbeba092506d7dfc728ceebcf606778821df45285e13ed6bd7,1,0.4647502575213781,1.1866481140915286
246d0c11fed6695f6422d71fdc12f8b0b788e62fa515f15d377f7fddec202199,1,0.5125922971934538,1.0758940772829442
a10b42100a8828b611f90de4c879d4940b1f57987a40e1033751ae70934294fa,1,0.27770574827768024,1.985897015209967
5b7ab1cc1fdece4fedb8fe7b6582e0d3b2adbac8dce18df3413fd152471d2320,0,0.3993779798691394,0.7467341661749036
7b316e4a70ed96eef4d9168eaf75443cbdffd0aba013f838e2a96fd15835237c,1,0.6826697847670186,0.8078503383586982
e5b6cb8d603dd649055196310b74940db7f022dda23fa51f486bfcb2fbba1538,1,0.4572444212029822,1.20612738185049
9c48e3504bad37deb6a87218f6e7c381ef174bd4ccd4797eb95647179d84aee9,0,0.3513731180680425,0.6914683863438049
00baf33821d3488406d563d2b0e8ca14efa52d26913390402cb65ed5f64a775c,1,0.35140498016865895,1.5694001159192514
f5ea0885d0681a7b086dd938459f208330917aff71a9b2c954ed2014417a4d0c,1,0.697530062486979,0.7906397820976935
0ca5cce96f06bc7c1d57150f69103005683463f88dfdb455a579627cc52d3bf2,1,0.5418931756927057,1.0177190659511737
1426194cda9537df95523713bbd159da6bc36b8aa753d0ad3f3a8e65c51da447,1,0.6604762988639413,0.834995922730157
4119502d49b034a3190773e6b4026a2c4b4faeb0c4c3664d7d8778c2b31ca7c9,0,0.29783003073705966,0.6387413347504661
ed38a7a5e3695e4df68b011f62e14cd5378d8ae4b949cde16630875a53f69c3e,1,0.6041472033113038,0.9128487454523933
4c1cc7b61c796796747efbff6b9e52b515af204c5e1a9704bacbf8740b53fe61,0,0.6622287866158652,1.3278366113415236
f3ff96f5daee08da98a3952dae809dab8aeabb214d9a5c2c1c9f9ecd47eb74e7,0,0.5000606075211058,0.8971187110598386
d8e0f19117b2b150b8fcb87c7576a8428caa7ab01d4bdf446707ff5faa21d904,1,0.5939881377108526,0.9284613304512789
cbf886c4c91387e2c64cea37582e89fff0d21c31fb8635b5a227c7aafc31d013,0,0.7383986788092539,1.714459932186955
c9a005316ff180aba14cfec57c262b389f8c2e527ea92a2768ceaf13edfe5678,1,0.8082059054800147,0.6823694467856533
f2c319208cf20bfb085d2416abfc88a7db85d2022e3ccd5367384405a4eb9d20,1,0.7573608978828649,0.7281799445323239
0fba502b7ac6ed4958a48aef4f5394ddcd83d70cebe026b53c7b2f009faeb05d,1,0.43850490351880445,1.2576712647584927
0c1f4693d5aa858f49f7b5c6c991bdc67c1f74d6f35466d7c4d76c39a97b9843,0,0.811387252860837,2.3779144845273192
9a783c81c3b78d481c314545d03777ef80f6cb3adc27dce3e3f661cb908c8c47,0,0.43519342194927013,0.7940859770730582
7ae9ec4376f913bd5b2adf7278894749f7d3a85830badaf761eb76cd7165e327,1,0.6135013212080472,0.8989304465153314
6d5396104c803f08d1864da0f2d42ac6244ed5f76209ddabaaabd09f344fc643,1,0.700536839718451,0.787246273633438
417650dfec910965640e4322c716098093bcd4d267145ab9e350b16f0bbd9d70,1,0.429435767364497,1.2842316791540027
c268c4e3df8b3df98742827ff984ab519dd4ded1723edfa9992cc706b5c2b3e2,1,0.6071246048186978,0.9083720413142957
a60bdfec5929c1615082b791cc868dbbe36e6545bf05e58ad71d810d79c1c755,0,0.3334725683918849,0.6728980115741175
b52268d534e131449974540b296433d2526cbdb5752fa3607d1105b212fdfb13,1,0.6098475741781274,0.904316160238119
835d9aecaa3d680581df875b3571b0cb84d1030e8799034b107c72ac9bdedd9c,0,0.33267036147738,0.6720891108352918
872b85a1b77135b7ea0c75aad5ed40a7e2e3ea8bb27df344a6df3c6247756da4,0,0.4475435255377668,0.811837681557237
af4ae881c4d2fc85bd8c7b2ec545b2a7f79bf95c22d61823f5d952a5f75f53a9,0,0.6562717785689122,1.3048244381022482
11bf66c71c919ff01e8e095bacfa1cf2ec6260522a134dee42b090298269aef5,0,0.5851105630084122,1.0810229024890747
e079613320fb3ff7bb0a49b360dd3ddf4bcf085a80f21d9f77d2556ae73bb7b0,1,0.6350157140516723,0.8684745974119619
d9b58342fb19ff1a5573626cd280f2b30e9a1bfbc5776ce1e002474d0a0b6610,1,0.48146364572861655,1.1454551584610257
dbca1ca3379089ccf211c8c701ef5d26348b551664479c299c89ecf579176484,1,0.34319930757926237,1.606923453608446
946717f756e86e56b6bab34d26825cf3ffbc14e788afe3b3f09ea75e13ff7720,1,0.5424495265635549,1.016675265816977
311bdb49b701cd302680522c488458510217d84c2e3c1064a588a7b7bcecb03a,0,0.5834898818925575,1.0768165379190342
942dcfc11afaa49ed670f2684a08b1d7825458515621057d79735d6d61f895ef,0,0.2649727134079079,0.610188208750956
1caa41bb48baca1373fb09129f3d548a5a4018c27985e58c70ad00a89e2fcc41,0,0.326144952016435,0.665580802178161
fe73e0f8356f70e89f43c8df1f594302ae3af1cbee06850aad242bd5f7bc8984,1,0.6466566514433096,0.852840553608136
d83905171ea3ca56b15780bdd1a4da16c12785396d7080e66dd057b6ce68770a,1,0.7034496730953161,0.7839864566069236
01549cfcae67b799b3637958ac00c381f80f8f643566558d4a1ffa00dd8330b3,1,0.5498670442147398,1.0029606655166627
c50237522556e4fa06fe13d9eb1b723501dd7de6cde112482b5bc9c3e6d3b9e4,1,0.4485626582894432,1.2294715273767471
312f695412c121240b5fd103c2e49e9e59a006d87c3948c99804c8be007d7a7e,1,0.7638855802191393,0.7219602397169034
be6af2eb137108647317bbaa13315d549dc4642b8d457cb209f3e8e2d60ef07c,1,0.6860435275393468,0.8038775886267152
6cd278bc1e91d32006603e95435f79ef27271e7b032f60771c350bc2e350bd7f,1,0.684054393789663,0.806215151336156
e4f042735f9cc8ec83f4ccdaca9d77a0620e5528c4f9aadd9165f08b0f4e3590,1,0.3900624385539046,1.4138634282651696
5f56b26cb818dc6a01c90ea4ed576b24bacd63685773fb1c63fb7c24123b2c00,1,0.6686530434464258,0.8247850241864378
5316c4743b2b0e0e596bfb6f9c7f35d7f2964d451a795402805d33e10847af64,0,0.6169103850748652,1.1707573526271478
65ac62e73115e979aef15e84af6873a3788f8f6a2d6d166a7888e444568e562d,0,0.46416406706131674,0.8370192363340956
a2fd18e20aad08b506682683220eadca6adab31920028f762463ecbcc06c6c6f,1,0.47277942066456113,1.1664953940594287
ddc3ac6fdfe42904a72267ba1a576fcce0b3e9a042dbd030d402ad0013be49a9,1,0.8052859835347905,0.6848436802420386
27c65ad98a483d7cd3540cdbcc720a5cb9d15c01c6bc0531ba5f406f31dc3013,1,0.32202023098700855,1.712609841067858
8c917ba1b0a81225757e6e2c3a806ae696afef259ac5222c23fedede28cf1c1e,0,0.324504321501782,0.6639642527185872
b9b3761df447eefa4a6e091755572083ec72cdc8195d3a44392618dddcb36589,0,0.5105144094565873,0.9162782154440687
c25900875259630cd656132fdccb5b4949695ac9547cf9f4bec5d0e538833c79,0,0.40152048691082814,0.7494074125840265
714def7609b10a0cd5e30ba3d4e35cda5c3be9f5a844a4d4bc8266b445c9da7f,1,0.7372285916338892,0.7480651494932393
1ccfc0091842ec381df7c82bbd1c1d9bee432f8a45fc2d33565841c4cf914100,0,0.4383936281010125,0.798610923647736
68de9b1ae5ebf45369dbe440f0459392ed39369dba2ba408b695fd92b72d4814,1,0.5233762189960677,1.0537257838523213
8421fabb58b23d0ca0f6ae8273eaa8f6a79a1e4544e23d243dfe772c0d10fd57,0,0.4907828589243662,0.8807735388508613
f57fba65ea3fbd053b38c1001f7aaf87349222141bf3b31d3c3b2ce419387544,0,0.572353697125311,1.0487755427178975
7930f259829fbbad3c864862c6398952f976ef01d10470ad705994a612497478,1,0.5370608673437499,1.0268761887994848
28de3a45a8db4e20f21439319eb53eb447b7284cf8c2e4fb05a776364901ed95,0,0.4799976760760602,0.8625057288288326
776cf53964cdec7b2de6afcd659e94f28aa2cc38f2a5a708d62138217e1f78b6,1,0.59891985904432,0.9208160462257857
1f1f81825ff64ad452e4afa6b664f000791d2b7bf9e656309b9222270a627512,1,0.9999999994137709,0.551495016934598
4d685cd9cb563b1cf8835acb1eb621c4d19d3079b4a52ad1f65207995d6a8a8b,1,0.6129024196834748,0.8998088421581167
84c81c5df35f9118fa9148f156f9bcb342af749979735d4255a370c3934de762,0,0.5822256656785294,1.0735580109705518
ecac09cd884caaf47e5b8e81017c532a5878f48405429834023c02c1b97e13e9,0,0.5556266725479424,1.0092977136146688
3e1c4ca697187b98dabc4629af9c804bf0acd91df9b131402eb038e6b4a4e6b7,0,0.296588129002407,0.6376136114288568
1885e0448651098657f62d7ef65a215a8bdd3db3423f947be9ab4511c79612c0,1,0.6633189853235824,0.8314175062278122
cb1dc8a2c6f11d8895e92f26aed58e4786a813e573daede47d83f7ea373c91c6,1,0.5128000170297858,1.07545826500872
54411d273ece6dfeff136dae3721309508be4f3e7c7dec3a94823d0b7ece1fe0,1,0.5278155263782408,1.0448631937668422
db12d5cdba7aa065a196b19b77380c46eae8c2a27733352760a583a2831f7b5c,0,0.48199963709502974,0.8658391296744801
1029387832237471b8719e483f3d542fa65b007f6a96874cb655a2b3683f94bb,1,0.5024794078192869,1.097547497527773
6858cf274029920a3caf03b4a901183b527779f7d4a43ab839b3f2eaca5ce69f,1,0.4652834572029308,1.1852882540175163
bbecab5d8d85344f3fe48b439ece2db90ace41cfcdebdbd6209e7be8dff63776,1,0.614173675138553,0.8979463609977787
5f9072a5b2dbf9133af8be76b16132ed58796e5b413048fe9f089083283ec0ac,0,0.4663929703387464,0.8405155075888447
6f5b3fbabd5bbf6329f60c137d1d5972fd805bbd4f6ac96917738bd9ae1033e0,1,0.563717761497502,0.9783176161529186
2d76016a3683aa4875b740946444b54c2497f9c52c509730605d5a87d7f6f6c9,1,0.7831956010342725,0.7041600027924088
78ef801fdb8f77106befc106e8f2c689cb54d912f1938463593c19bc878488ce,1,0.4178055337293485,1.3199801632319936
5a8972f1d4f857dcdd4f541748e3924f9d36ad8941b1eadf294f4289681a35c5,1,0.539180490542433,1.0228393391171735
f2e130e65dc3d7386b2d66605dea08adc3f4dbaf01235a3256f6ab55cfbfd9a0,1,0.7198826176868601,0.7660901972926772
fa257ac5cc242a64ef3ef214ff0037420328661c722a5a9571b48ac2cd1e784f,1,0.3396003417263395,1.6239530673255547
217d89a12554277f1bf1194e21b7e83708d9d4c5ab83966119e1952603cc4033,0,0.48830225979192454,0.8765037406777004
268f3a6fb00c656c5bde3a18cdf8da9dab9f964356b60b2211a42133762fa19d,0,0.47780589772016746,0.8588855780457669
2eab7738cefe2882eea3baac3dd6ed24f92c9078a9d475ea42c4174996c37c7b,0,0.5722406261524257,1.0484983165991877
8f56a70f14e0583f13f5350d4ba6bb35f22cac0d99647aace91294d01c8e7d48,0,0.4170932950692581,0.7694284172661789
f1a9ba6be90a656fa0c609db7cc0052910766e8c5aa4aec54fabf6e2d3783947,0,0.49875841392828296,0.8947880540074199
19b99c51a1166327640ed5da5008360f779b1321fe4dc6d2af21b789750254c8,1,0.5318777074167357,1.0368831197867623
e35347836c4da785d7327e2cbeeedcd6977ea1607d55c5692499469c2a8d11b2,0,0.6591325457912108,1.3157753192652553
9e24f80197c560c220bafebce3457f94d187ba948f112effcd555262711f2fb5,1,0.660678115914319,0.8347408568968206
7ea96896148e370f48f51fcd6fe7605f9de2e05c9057355e8bf3e6e568df931f,1,0.6389819840855882,0.8630838276301478
aa7d3257a252135b5af1c9f95cd387c232555242a017acfb74de6d500af047c6,1,0.5378158405702735,1.0254346841597626
6f739de61dcba852905aa163848f5ed8af7bd442aae69ea820d11856813b1e0d,1,0.6677027008238596,0.8259589424017926
65df6c5ff98954ae49456dd9969fb8af4539a1ffdeae682d40cc1431b6be8c08,1,0.3804043479638174,1.4497600239410295
234cda0ad539668c759a6deea643f26e5ec275b7d7d3a4be93d5e21a0555be95,0,0.49133884334254907,0.8817362551053652
202dd81b765f83220bd095472972e8bf64a63774d23227c8ca57f62be6c91ec0,0,0.6189310408895724,1.176965409189193
5b8c6c530b6c3f47c59e429ff54e3e33f9a8384a58552c1c9765cb4105c9fb84,0,0.40301829486077884,0.7512876517448874
ea56151cdc409bf6f762b07e9f6b7e48fc65e42461fde1ecaac6d6a04cf2991f,0,0.5561798437926713,1.0105556881900313
2cefd31ca4ac57d0b74035c6cbc9c84703c7f2f48e5529d7a427b1c275d853f7,0,0.5396898611090666,0.9743539094518484
fd64a74a00430be3e78a045c4da93871c3629a7bafda9ce00e949509fb3b663e,1,0.9999999994696098,0.5514950169038032
70abd78c761c31e4859ea210a24c0fb24c1cf996ae19fe768623e65e7feb7061,0,0.6438113183825666,1.259178088849055
e4c561526fc919adec6a695bd724860ed939533d4c4ec5858475952bc026867a,0,0.3516443857220389,0.6917576920933741
fb57994716622ede7b347d3497eea1262dd192fd1a9d36eb8dad343065c61d97,0,0.6475012861453713,1.2723592051846997
9e861dd6b737b47c92059282dacf129a807220d97f38afe7bf8719be5a7e6fd9,1,0.6377194666171787,0.8647925074903768
090a6e70396191c466aada4fcc505b0703f1dd20eab3a92c258fabf1e246b7bb,0,0.5777960239890354,1.0622945516198945
e7d716821083c4a5b589333db16ab5c089adfff6ade47e0b5639d41459fa056c,1,0.6029203611100087,0.914706240134209
dc07bbf48bfd9e13922ce48926af0bae6e92c2531b5314d525d47191497e466e,1,0.7425172586638846,0.7427369669543815
f0b637f4c4f9dcfa162429273dd57b27182ae747ca17e0451c8783caf4db1fff,0,0.6687907473490379,1.3541438827536374
9352217318f8693769c4c5e85b6b6bdcc40096d52912ccdb44d89128cc3882a0,0,0.4113448205660909,0.7619146132715884
c281cc95f3aecf52b7e6e70fa40dc6934d7ff536dbfb8da57e424ca094bc76c5,1,0.5193559093246072,1.0618826255938505
8a48e77b991639df127a081b09f19fb00482c6e66a41b605f5774fb4b45186ff,0,0.7923847292434361,2.1602697227151073
d5d1c001cfed8e6c1bfbef72e54067f2ff7339f060f74ad32b47c43639ca1890,1,0.2931501005602074,1.8812717974764233
7afdb0348c13d001d5e46d677b7d05152fcae9294b0ed9cf25e7b1bfce7f9acf,1,0.7818169820443118,0.7054016851478905
6018d412a068adae830ebcc622dbc90a31a465c9ab23de0b4b9754631c2a0674,0,0.3802944988693643,0.7237389091599465
46e49d347d68e15fe3245c3e809620f0af791d4056e93bc0d817618d39551006,0,0.348779522017851,0.6887144961694502
d6f067a52d38e6eaeeb88b906f7dcc3a1e8f33c52bad48b05ec87a6cf786e690,1,0.7018789453606479,0.7857409319037485
c089b8327c646b64b4da1f3c912db9db157d53413fd2a13d138f25f83c956e30,0,0.7324717372267784,1.6764770149496058
21540f27572d1caca4ff905c999b9dc824b6f2716f3e59df3bbb4f5013b4a146,0,0.35288996777073084,0.6930892136591082
3163550b5d889b401b0e77504515ada94d0c9903649fa3bf84ea6d0c904e9674,0,0.5382518449101138,0.9713194919022385
b9ac19c10f0e2d4d5bf4f4b7ac0c2bba17f216a8b5d0ad4b8bd1556f9ac690af,1,0.7095829791459891,0.7772100414176246
14d84ac632a761d7c695fdcbb09c87bceefd138409eb697bc7401103ac3e3567,0,0.6986828605713894,1.488481485783407
0b0641dcfcf0efcac2bd6dca1ec1b6c4de3d42c0c4cf45b7d351ccf06cd56193,1,0.720147796485805,0.7658081012015793
ec8b43a0706a39e11c2dcee4657ff93f58dcb90f35fa43aea36e268b7dc257d7,0,0.5864324542819328,1.0844781899169
05bf912281ebbb4f2cfa38c876a5a8e07cbee381e9ff28a5d00c9366347b4963,1,0.716787280883686,0.7693984412382275
e71c487bfa58066376555649652c4c75eb1955fbbbc6e71ab72d7d619a0ba97a,0,0.42630953511565295,0.7817891543292785
61b55de08eb071567bc65f4dc24feeb49416d299b7af6e77a975be054fa89612,1,0.5173804118381128,1.0659371788970187
e767b54f3ee31b718f17ae6cad789db969f9903fe6171ea4fa665f4473011175,1,0.7709136808364757,0.7153784273394901
55994a723434cbfb0845d55bfe4c5dde74cd567702691226e6fb10019e5a1f60,0,0.4716677269324852,0.8489070349321448
4f4bfbde20c771f7fee05a15967d1e5df1c062522e3e77303619810a7af74b8c,1,0.5923240019853644,0.9310698448193602
ed95d65329a23d361767b1b17c01f687a207a252cf9290af6dfac7591291f7b4,1,0.46027071533090225,1.1981970571706035
f4e57a399e9ab8d25205c00ff1454c265d5d4cd5f43629856bb059834d6a78da,0,0.5987444260619683,1.1177539018011737
6a9dd3235eb51cce14e71c429c2c25b4d9f47a0e9f402321ad5e0dc53b1bf2b5,0,0.7236873157325086,1.6231791333709378
756f60ca0508f48b09f5d27df0b5135419e854e0f27c517ff46ee381ac28d234,1,0.5416072579854595,1.0182563259263073
bc63bc6bd0a0f9d1f800b03bb907c991203f4e604d1622776a4f0a69ec234e7a,1,0.5074217256936633,1.0868573194365745
ec71b5f1f4d5fb33861b78659a1023d1bb843500f3edcaf53b2ae66eaa95b3f7,0,0.32306545132084524,0.6625529517792145
d47faaf4a02beec5f61bbecbddced2d81364e0b891466a1c68865244ae688575,0,0.4937910443539503,0.8860076029597292
fd04f9d3c1603dbcd92a243feade806a7a07ee41aebaa87091beeb9a150acbb4,1,0.4302871215644637,1.2816907338665797
934cb5dd192cf10dbeb1b64c285993757a3977fc3f0ec6c8a17df785ec3c5210,1,0.5366359834763006,1.0276892224758
a7e823e825c42ae68e8a1399680a04ddad75d9821cfc73a0e541f2419c0bb8f2,1,0.6357297981093025,0.8674990825527983
5f1ef27b486bee6f0830e5b8af3990c148e42e5f063be0ff21be5e0ee87f5cd9,0,0.4951998489066471,0.8884802875301876
687799edcedef8e38509e23062589afa1970a123dd88941377c6b71ef16200a7,0,0.5045588265802493,0.9052638485673842
fdb5784192ad35049dc9bfacc19b6a7b9333d974f15b51caa1c695ae51327cc1,0,0.5862222498286795,1.0839272609583415
7f29fcbe9c459544c29b242b68c22220f9730a3ac95b19b71004da3ae18d0969,1,0.6276765216579365,0.8786293537865395
7fade47a959537a87d7c09836424c612ec3186c18ca1e7f04dad0eea49582f15,1,0.554473040787816,0.9946290911235485
