title,link,channel,channel_link,date,video_length,time_diff,watch_time
Fred Astaire Cuts Loose: 1970 Oscars,https://www.youtube.com/watch?v=CnrbdNjf-aw,Oscars,https://www.youtube.com/channel/UCb-vZWBeWA5Q2818JmmJiqQ,2026-05-09T02:36:13.101Z,454.0,,454.0
Get Down Tonight - KC and the Sunshine Band,https://www.youtube.com/watch?v=8VQuFXzQzDA,RetroTVCentral,https://www.youtube.com/channel/UCOYKMmyHJD5W46t5DvWsJTQ,2026-05-09T02:34:56.351Z,192.0,76.75,76.75
Matt Foley: Van Down By The River - SNL,https://www.youtube.com/watch?v=Xv2VIEY9-A8,Saturday Night Live,https://www.youtube.com/channel/UCqFzWxSCi39LnW1JKFR3efg,2026-05-09T02:34:37.803Z,381.0,18.548,18.548
Bone-Dry Wax in the Narrowest Canal We've Ever Seen — Nearly Impossible to Remove – EP1263,https://www.youtube.com/watch?v=IArz3gUkt7s,Audiology Associates UK,https://www.youtube.com/channel/UCaqQJj24yCY_bDQ35jS0Gvw,2026-05-07T02:44:19.358Z,593.0,172218.445,593.0
In the Stone – Leonid & Friends (EW&F cover),https://www.youtube.com/watch?v=EZATpXJxc_Y,Leonid & Friends,https://www.youtube.com/channel/UCD5ZsXiIFlrWrbOCM6rEDKQ,2026-05-07T02:41:49.008Z,270.0,150.35,150.35
"Ray Charles' Iconic Music Shop Scene (John Belushi, Dan Aykroyd) | The Blues Brothers",https://www.youtube.com/watch?v=0thnlhmHbZM,Popcorn Picks,https://www.youtube.com/channel/UCfbkraMQPT7l9d1yTYpDR1w,2026-05-07T02:39:08.435Z,266.0,160.573,160.573
Vince Lombardi REFUSED to Let His Team Sleep in a Racist City — What He Did Shocked the NFL,https://www.youtube.com/watch?v=832lwfp4H3I,Chuck Norris:Untold Story,https://www.youtube.com/channel/UCmn-0l6md6sPPM2wkiAYKMw,2026-05-07T02:38:53.132Z,926.0,15.303,15.303
Mei Semones - Kurage ft. Don Semones (Official Visualizer),https://www.youtube.com/watch?v=5cZUfyVczB4,MeiSemonesVEVO,https://www.youtube.com/channel/UClaCoNkDM0Wxpc7MMkK2lSQ,2026-05-05T12:28:05.957Z,205.0,137447.175,205.0
More Cowbell - SNL,https://www.youtube.com/watch?v=cVsQLlk-T0s,Saturday Night Live,https://www.youtube.com/channel/UCqFzWxSCi39LnW1JKFR3efg,2026-04-26T03:22:29.842Z,343.0,810336.115,343.0
Mafia Nightclub | Richard Pryor: Live On The Sunset Strip (1982) | Now Comedy,https://www.youtube.com/watch?v=1tNRcQ9WU70,NOW COMEDY,https://www.youtube.com/channel/UCmTSflg4X32Qkxuz5Mw1k8w,2026-04-26T03:18:46.181Z,487.0,223.661,223.661
Robin Williams at His ABSOLUTE Funniest For 10 Minutes Straight!,https://www.youtube.com/watch?v=_EmP67sq3w0,Infinite Curiosity,https://www.youtube.com/channel/UC8aBLD5jVoEMsE9nZRAOJvQ,2026-04-26T03:12:26.602Z,612.0,379.579,379.579
15 Minutes of Rodney Dangerfield at His ABSOLUTELY Funniest!,https://www.youtube.com/watch?v=XdYfVqk0V68,Shadows of Stardom,https://www.youtube.com/channel/UCUjWgcmMPKgR0xtFkNELk4w,2026-04-26T03:03:57.486Z,,509.116,509.116
"Sheryl Crow - ""I Want You Back"" (The Motown Sound: In Performance at the White House)",https://www.youtube.com/watch?v=OtZYExt_blo,CrowVideoTV3,https://www.youtube.com/channel/UCYgkCgolkIz_sPlW4bGG3PA,2026-04-26T03:02:35.411Z,203.0,82.075,82.075
"The Jackson 5 ""I Want You Back"" on The Ed Sullivan Show",https://www.youtube.com/watch?v=y2bVIBwpCTA,The Ed Sullivan Show,https://www.youtube.com/channel/UCDUNe-NZaknJOGyulc4Ohvg,2026-04-26T03:00:41.733Z,181.0,113.678,113.678
"The Infamous Scene That Took ""Soul Train"" off Air For Good",https://www.youtube.com/watch?v=TFEnFy35piY, Historia dorada de Hollywood,https://www.youtube.com/channel/UC7ZhGDxXPyqWlZY7zap9mQQ,2026-04-26T03:00:01.581Z,1030.0,40.152,40.152
Position player takes the mound and breaks out the KNUCKLEBALL?! 😳 (Full inning) | MLB Highlights,https://www.youtube.com/watch?v=amZ3jxuA7LA,MLB,https://www.youtube.com/channel/UCoLrcjPV5PbUrUyXq5mjc_A,2026-04-26T02:56:07.313Z,241.0,234.268,234.268
Trip and T'pol flirt in a corridor,https://www.youtube.com/watch?v=C-YemqjsUL0,Star Trek T'pol,https://www.youtube.com/channel/UCRwP06UIpk4nMTLu7DBCrEQ,2026-04-26T02:55:28.677Z,136.0,38.636,38.636
Get Down Tonight - KC and the Sunshine Band,https://www.youtube.com/watch?v=8VQuFXzQzDA,RetroTVCentral,https://www.youtube.com/channel/UCOYKMmyHJD5W46t5DvWsJTQ,2026-04-26T02:54:20.833Z,192.0,67.844,67.844
fosbury flop,https://www.youtube.com/watch?v=Id4W6VA0uLc,jguerrrer,https://www.youtube.com/channel/UCQHLVb6ccniQ6pbqR-BF95Q,2026-04-26T02:53:08.216Z,78.0,72.617,72.617
Bee Gees - Stayin' alive BASS COVER (with tabs and Sheet),https://www.youtube.com/watch?v=wdPxdc3x4Fc,Bass Tunes,https://www.youtube.com/channel/UCY-AvdvDI9LskSyLzT9G_fA,2026-04-16T03:34:59.360Z,294.0,861488.856,294.0
"Earth, Wind & Fire - Fantasy (Official Live Performance)",https://www.youtube.com/watch?v=L0CVoFsUhC4,EarthWindandFireVEVO,https://www.youtube.com/channel/UC72IXi6wx33LdltVkdwtLpw,2026-04-16T03:33:38.242Z,251.0,81.118,81.118
Fantasy - Leonid & Friends (EW&F cover),https://www.youtube.com/watch?v=YHRt_EtbzdY,Leonid & Friends,https://www.youtube.com/channel/UCD5ZsXiIFlrWrbOCM6rEDKQ,2026-04-16T03:33:21.790Z,313.0,16.452,16.452
In the Stone – Leonid & Friends (EW&F cover),https://www.youtube.com/watch?v=EZATpXJxc_Y,Leonid & Friends,https://www.youtube.com/channel/UCD5ZsXiIFlrWrbOCM6rEDKQ,2026-04-16T03:32:19.079Z,270.0,62.711,62.711
Deer Trusts Firefighter After Calming Embrace 🥹,https://www.youtube.com/watch?v=quEUg1xFWoM,We Love Animals,https://www.youtube.com/channel/UCz2RMMEv5CNrOKJhs7BvLpw,2026-04-16T03:26:40.574Z,160.0,338.505,160.0
Dancing Suzy Greenberg 10-31-96,https://www.youtube.com/watch?v=tNbLoO0PTI0,Phil Everson,https://www.youtube.com/channel/UC3e8ZZ1NCP8ErYjvU8m7tRg,2026-04-16T03:26:13.375Z,377.0,27.199,27.199
Pulp Fiction Legendary Dance Scene (John Travolta + Uma Thurman),https://www.youtube.com/watch?v=QYVc4v1gfgg,Boxoffice Movie Scenes,https://www.youtube.com/channel/UCfk4Df9QxO267wlFbStSyAw,2026-04-12T03:03:55.646Z,210.0,346937.729,210.0
"At 71, The Tragedy Of Dennis Eckersley Is Beyond Heartbreaking",https://www.youtube.com/watch?v=vW7ierRxEVg,ROCK UNTOLD,https://www.youtube.com/channel/UCZP4tnewZFnZHHrhwbJuV-w,2026-04-12T02:58:03.818Z,179.0,351.828,179.0
Close Encounters of the Third Kind (6/8) Movie CLIP - Communicating with the Mothership (1977) HD,https://www.youtube.com/watch?v=S4PYI6TzqYk,Movieclips,https://www.youtube.com/channel/UC3gNmTGu-TTbFPpfSs5kNkg,2026-03-24T13:15:49.989Z,161.0,1604533.829,161.0
"Earth, Wind & Fire - In the Stone (Audio)",https://www.youtube.com/watch?v=6Z2xClustQo,EarthWindandFireVEVO,https://www.youtube.com/channel/UC72IXi6wx33LdltVkdwtLpw,2026-03-15T19:35:38.263Z,290.0,754811.726,290.0
"Earth, Wind & Fire - September (Official HD Video)",https://www.youtube.com/watch?v=Gs069dndIYk,EarthWindandFireVEVO,https://www.youtube.com/channel/UC72IXi6wx33LdltVkdwtLpw,2026-03-15T19:34:57.786Z,216.0,40.477,40.477
Michael Jackson - Billie Jean (Live at Madison Square Garden 2001),https://www.youtube.com/watch?v=HGDONU6doh8,Knox Cornwell,https://www.youtube.com/channel/UChZMhr5nmS0k1pCstIlafSw,2026-03-07T20:40:30.327Z,487.0,687267.459,487.0
I Jumped From Space (World Record Supersonic Freefall),https://www.youtube.com/watch?v=Hz2F_S3Tl0Y,Red Bull,https://www.youtube.com/channel/UCblfuW_4rakIf2h6aqANefA,2026-03-07T20:38:23.031Z,210.0,127.296,127.296
OMG The Fastest Women's 400m We've Ever Watched,https://www.youtube.com/watch?v=rEY7lqWspJw,SFA Español,https://www.youtube.com/channel/UCEnc62_3pFpJeA168ZWsk-g,2026-03-07T20:36:46.951Z,540.0,96.08,96.08
"Tchaikovsky, Romeo & Juliet - MPYO ""Youth Symphony"" - Dec 2025",https://www.youtube.com/watch?v=nFS9ooQcMlQ,Michigan Philharmonic Youth Orchestra,https://www.youtube.com/channel/UCmYafY-5x20C2r1OPAVRQbg,2026-01-05T06:18:59.783Z,373.0,5321867.168,373.0
"Tchaikovsky, Medley from Nutcracker Ballet (arr. Alfred Pfortner) - MPYO ""Youth Symphony"" - Dec 2025",https://www.youtube.com/watch?v=hcvi9-TB-tM,Michigan Philharmonic Youth Orchestra,https://www.youtube.com/channel/UCmYafY-5x20C2r1OPAVRQbg,2026-01-05T06:18:40.272Z,455.0,19.511,19.511
"Mussorgsky, Pictures at an Exhibition (arr. Michael Sweeney) - MPYO ""Wind Ensemble"" - Dec 2025",https://www.youtube.com/watch?v=t5VZ6eZhfEE,Michigan Philharmonic Youth Orchestra,https://www.youtube.com/channel/UCmYafY-5x20C2r1OPAVRQbg,2026-01-05T06:15:38.092Z,237.0,182.18,182.18
"O’Neill & Kinkel, Christmas Eve/Sarajevo 12/24 (arr. Bob Phillips) - MPYO ""Wind Ensemble"" - Dec 2025",https://www.youtube.com/watch?v=WoBB33XF0gI,Michigan Philharmonic Youth Orchestra,https://www.youtube.com/channel/UCmYafY-5x20C2r1OPAVRQbg,2026-01-05T06:11:16.633Z,264.0,261.459,261.459
The Roaring Twenties,https://www.youtube.com/watch?v=fAuSwNm0AAw,Polizeiorchester Bayern - Topic,https://www.youtube.com/channel/UCKHSoi1Gk2D-Vr39mZm7qEw,2025-11-11T06:04:04.940Z,388.0,4752431.693,388.0
Dramatic video shows two people train surfing on Toronto's Line 3,https://www.youtube.com/watch?v=ndADHCmv9H8,CityNews,https://www.youtube.com/channel/UCVKAcQQCO8vv87Gk62SutAg,2025-09-21T18:56:41.268Z,50.0,4360043.672,50.0
https://www.youtube.com/watch?v=yWVnLxrtr5E,https://www.youtube.com/watch?v=yWVnLxrtr5E,,,2025-08-25T20:55:54.215Z,,2325647.053,2325647.053
Barry Sanders Mini-Movie: Untouchable with the Ball!,https://www.youtube.com/watch?v=f3nqtM8KQ5g,NFL Throwback,https://www.youtube.com/channel/UCJdl3Paao2f3ha5JXMYUCIA,2025-08-25T20:54:35.711Z,1311.0,78.504,78.504
The NFL “Psycho” Who Flattened Everything in His Path,https://www.youtube.com/watch?v=yncOUtg9Sx8,A Football Historian,https://www.youtube.com/channel/UCW4Ogt0PnT8yN5AedSHfd1w,2025-08-24T22:54:49.196Z,528.0,79186.515,528.0
My Most Brutal Wingsuit Flight Ever | Täschhorn 4491m | Swiss,https://www.youtube.com/watch?v=QKMkhCsgsas,JoHannes | Wingsuit ,https://www.youtube.com/channel/UC51l3lH7blXiPlbqtGqP5Dg,2025-08-24T22:50:35.435Z,295.0,253.761,253.761
https://www.youtube.com/watch?v=yWVnLxrtr5E,https://www.youtube.com/watch?v=yWVnLxrtr5E,,,2025-08-24T22:48:56.167Z,,99.268,99.268
15 Forgotten One Hit Wonders From 1974,https://www.youtube.com/watch?v=Dm0UJwB4ot8,Flashback America,https://www.youtube.com/channel/UC36USRwbfvQdNZEikF0FhUg,2025-08-15T05:44:28.629Z,1038.0,839067.538,1038.0
"Cable detaches on Cedar Point’s Power Tower ride, investigators working to find cause",https://www.youtube.com/watch?v=GgX4vae2VHE,19 News,https://www.youtube.com/channel/UCZ4OZ-SF_Dtw8xlVPavaiDw,2025-08-15T05:43:10.341Z,145.0,78.288,78.288
Top 10 Outfield throws in MLB History,https://www.youtube.com/watch?v=IU8aSFxkXcE,The Baseball Center,https://www.youtube.com/channel/UCH1DYJjd345Q9dZHr_vfkPQ,2025-08-11T02:18:49.879Z,570.0,357860.462,570.0
Ronaldinho Gaucho Goals That SHOCKED The World,https://www.youtube.com/watch?v=T1EX82cJEII,iLance7i,https://www.youtube.com/channel/UCaRWArjOtQAHHe2C7B4m8Uw,2025-08-11T02:08:07.031Z,398.0,642.848,398.0
Monster Bike,https://www.youtube.com/watch?v=ZO0pAmliyVY,CumberlandCourier,https://www.youtube.com/channel/UCcIlR-SR7KGu5DGkdiwSBow,2025-08-11T02:04:48.454Z,78.0,198.577,78.0
"AIRPLANE CRASH OF GEE BEE RACER, 1931",https://www.youtube.com/watch?v=1KTyYVnSyq4,militaryvideocom,https://www.youtube.com/channel/UCk5sgYKRNsRGJESQ-K2teeA,2025-08-11T02:04:11.102Z,197.0,37.352,37.352
ONE Feather. ONE Girl. You CANNOT Look Away!,https://www.youtube.com/watch?v=8XOaVF6KRn0,Top Talent,https://www.youtube.com/channel/UCD2GdZBCsUa0TIssLai6Skw,2025-08-11T02:02:46.143Z,504.0,84.959,84.959
Clint Eastwood's Saloon Showdown | High Plains Drifter,https://www.youtube.com/watch?v=8AwVhS-luX8,SURGE - Movie Clips,https://www.youtube.com/channel/UCOE56ZpG6hsIaibbwHqnKJQ,2025-07-30T02:39:50.378Z,506.0,1034575.765,506.0
When A Gang Leader Confronted Muhammad Ali,https://www.youtube.com/watch?v=1YpbDWpH7Pw,Boxing After Dark,https://www.youtube.com/channel/UCdzdFchK90ORsaBylnXeKCg,2025-07-30T02:39:33.501Z,540.0,16.877,16.877
PURE RAGE: Tyson DESTROYS Everyone 😱 #shorts,https://www.youtube.com/watch?v=X00NUJyr35Q,FightVerse,https://www.youtube.com/channel/UC2MqLYIN72NgKZO9JZx5cUg,2025-07-26T03:09:09.998Z,108.0,343823.503,108.0
She spotted us from the balcony 🔭 Ep. 259 🪜,https://www.youtube.com/watch?v=Hnrg1w5AUoQ,Max Klymenko,https://www.youtube.com/channel/UCisy6taOAeLfyaCqcMQDfig,2025-07-26T03:09:05.885Z,156.0,4.113,4.113
NONO WEIRDOS DONT CLICK THE SOUND,https://www.youtube.com/watch?v=P-8AAhJWjnk,dingletavius,https://www.youtube.com/channel/UCTI7RdeUCXZK6-f9x9kILAQ,2025-07-26T03:08:58.521Z,36.0,7.364,7.364
I got some other candy on me#movie #shorts,https://www.youtube.com/watch?v=mp9nYVTnYB0,Movie Travel,https://www.youtube.com/channel/UC8H3OnVkQvl3NTGJyPUYtpA,2025-07-26T03:07:56.869Z,60.0,61.652,60.0
Oktoberfest toboggan #short #subscribe #shortvideo #music #edm #bassboosted #music #ride #remix,https://www.youtube.com/watch?v=xeKdbj65TKc,Sane Apply,https://www.youtube.com/channel/UCBRtRzWjSthKXPnwWk6VO8w,2025-07-26T03:07:43.845Z,12.0,13.024,12.0
Sebastian vs Mom 😱 WHAT?!,https://www.youtube.com/watch?v=-CY1bWJXKKc,AnnaTwinsies,https://www.youtube.com/channel/UCa8opd43s6JyO4vlgtmEapA,2025-07-26T03:07:42.049Z,20.0,1.796,1.796
"Snag, you're it 😜 #afv #fail #funny #shorts",https://www.youtube.com/watch?v=Ehc68ClCuFE,America's Funniest Home Videos,https://www.youtube.com/channel/UC_zEzzq54Rm0iy7lmmZbCIg,2025-07-26T03:07:20.371Z,10.0,21.678,10.0
https://www.youtube.com/watch?v=pxgBYflXAY0,https://www.youtube.com/watch?v=pxgBYflXAY0,,,2025-07-26T03:07:19.046Z,,1.325,1.325
I’m sorry 😆,https://www.youtube.com/watch?v=YGhl4VETDz0,narchooo,https://www.youtube.com/channel/UCeP5A8YIEQ61tFiav8vzJDg,2025-07-26T03:06:58.669Z,9.0,20.377,9.0
From here to there,https://www.youtube.com/watch?v=VNi5YWMmmJc,Village Fun10,https://www.youtube.com/channel/UCKgKgA3P7h9Y0R0geE2xSGA,2025-07-26T03:06:24.215Z,18.0,34.454,18.0
This Rock Balance Won Him 1 Million!😱❤️#shortsvideo,https://www.youtube.com/watch?v=_mVzhqODrfo,The Daniel Show,https://www.youtube.com/channel/UCOTw4TEEAjsMhNe59fxQgMg,2025-07-26T03:06:02.769Z,20.0,21.446,20.0
https://www.youtube.com/watch?v=uNh2rVLOog8,https://www.youtube.com/watch?v=uNh2rVLOog8,,,2025-07-26T03:06:01.021Z,,1.748,1.748
Beginners should know how to plaster in this section..,https://www.youtube.com/watch?v=zm1ZDyDCE3U,share carpentry knowledge,https://www.youtube.com/channel/UCBsh4ylRrNgtwh2j1J3oy-A,2025-07-26T03:05:58.391Z,16.0,2.63,2.63
Mysterious Creature or Nah (@wanshui) #shorts,https://www.youtube.com/watch?v=fnD53ZEVqes,Small Farer,https://www.youtube.com/channel/UCFv4EFEx6NGsVAKD2IIHbXA,2025-07-26T03:05:39.923Z,17.0,18.468,17.0
Knossi Skandal Baller League 🤯 #mrsus #patrox #prank  #fitness #funny #comedy #stuntman #fail,https://www.youtube.com/watch?v=XPBmuZOzV9E,patroX,https://www.youtube.com/channel/UCrk1WJ0w3ay2uTjWTDe7uuA,2025-07-26T03:05:26.662Z,11.0,13.261,11.0
"Bullies Cross the Line, Martial Hero Responds | Thony Eagles |",https://www.youtube.com/watch?v=KsGonDRh2-0,Thony Doan,https://www.youtube.com/channel/UCk7_sWWyh9zOLJWVsYqItTQ,2025-07-26T03:05:05.175Z,20.0,21.487,20.0
The Baby Who Never Left His Mother,https://www.youtube.com/watch?v=t6VO1uDrgwU,Animal Spirit,https://www.youtube.com/channel/UCH6y5cETv3NS9BTXapRjTAg,2025-07-26T03:04:51.317Z,6.0,13.858,6.0
How to IMPRESS ur gym crush  #gymhumor#workouthumor #gymmeme #GymTok #gymtiktok #viral #gymcomedy,https://www.youtube.com/watch?v=rdSv4VUaXKo,Kayla Nella,https://www.youtube.com/channel/UCicffEiAwgF1BSaI8mIENFA,2025-07-26T03:04:19.967Z,15.0,31.35,15.0
CAT truck pulling at the 2019 NFMS truck and tractor pull. #caterpillar #ford #truckpulling,https://www.youtube.com/watch?v=AiGX6VJ1zoc,Deere Ranch,https://www.youtube.com/channel/UCShQ5PL3dXo_OXD-dWsNVBw,2025-07-26T03:04:05.218Z,13.0,14.749,13.0
Best mouse toy at home // easy mouse toy diy  #mousetoys #petmouse,https://www.youtube.com/watch?v=kJ4zK9x_6Uc,Mouse Trap 3,https://www.youtube.com/channel/UCxHj3eZEpJQE64jSH7JGR1Q,2025-07-26T03:03:50.883Z,10.0,14.335,10.0
【Most Viral Japanese Performer × Red Carpet Boy】 @andr3w_wave ROBOMON,https://www.youtube.com/watch?v=46Mc6T_MPRY,ROBOMON 002,https://www.youtube.com/channel/UCA90WAEAYIkuVmFzKxCv4hw,2025-07-26T03:03:29.251Z,11.0,21.632,11.0
Deeked Him #baseball #baseballhighlights #baseballszn,https://www.youtube.com/watch?v=6dfg5qZMKfA,Grand Slam Baseball,https://www.youtube.com/channel/UC2p74JN35788i51wzw8raQw,2025-07-26T03:03:08.486Z,11.0,20.765,11.0
https://www.youtube.com/watch?v=Vh9AGTIEkFY,https://www.youtube.com/watch?v=Vh9AGTIEkFY,,,2025-07-26T03:02:44.790Z,,23.696,23.696
😡 #dodge #stance #jdm #supercars #car #carsofinstagram #cargirl,https://www.youtube.com/watch?v=o2ae_04OPpw,Ace Works Productions,https://www.youtube.com/channel/UCDvHZxO-1rJ0HpPbj1Fdr9g,2025-07-26T03:02:28.458Z,8.0,16.332,8.0
https://www.youtube.com/watch?v=dOzFov4Swyo,https://www.youtube.com/watch?v=dOzFov4Swyo,,,2025-07-26T03:02:16.818Z,,11.64,11.64
He Did This in A RESTAURANT 🤯🥢 #shorts,https://www.youtube.com/watch?v=Vp4Ht5CjCCk,Wian,https://www.youtube.com/channel/UC3xgevNpGmAgWpdjtTXR20w,2025-07-26T03:01:43.720Z,17.0,33.098,17.0
God Is So Good He Saved This Man Life!!!🙌🏾🙏🏾,https://www.youtube.com/watch?v=KUgrRdUjzJw,YBKKingShorts,https://www.youtube.com/channel/UCSkUlr-JV4zwAMvHZy3FOMg,2025-07-26T03:01:41.698Z,9.0,2.022,2.022
Would you be able to flip it correctly?😂 @jaymondy.,https://www.youtube.com/watch?v=q85GNkcRZOo,Isabell afro,https://www.youtube.com/channel/UCXzs4ZknZKageuV7uLUleVQ,2025-07-26T03:01:25.569Z,15.0,16.129,15.0
https://www.youtube.com/watch?v=0hHscSOrv7Q,https://www.youtube.com/watch?v=0hHscSOrv7Q,,,2025-07-26T03:00:22.934Z,,62.635,62.635
Komptech Crambo broyeur souche best root stump shredder,https://www.youtube.com/watch?v=Y1tj2TDDWvc,Benoit H,https://www.youtube.com/channel/UCCpywjLfkgbmbav3e0tC4Ew,2025-07-25T15:12:32.485Z,162.0,42470.449,162.0
